# z(m), vz(m/s), Iu
1.000000000000000000e+01,2.999999999999980815e+01,1.379194740107168304e-01
2.000000000000000000e+01,3.328708416203532749e+01,1.279528184158189308e-01
3.000000000000000000e+01,3.537442937044073688e+01,1.202358152729942065e-01
4.000000000000000000e+01,3.693433240034740095e+01,1.132047618187719401e-01
5.000000000000000000e+01,3.819150346639260363e+01,1.104465896465572361e-01
